platform,date,"ingested_at","created_at",query,like,reply,repost,"sentiment_score","sentiment_label","is_au","is_cost","is_fuel","matched_location",text,url
reddit,"May 1, 2026 @ 10:00:00.000","May 13, 2026 @ 00:40:08.427","May 1, 2026 @ 23:49:47.000","australia general",15,5,0,"0.636",positive,true,false,false,Sydney,"It’s years late and millions over budget, now one of Australia’s most beautiful pools is close to reopening | Sydney","https://www.reddit.com/r/australian/comments/1t0tzmu/its_years_late_and_millions_over_budget_now_one/"
reddit,"May 1, 2026 @ 10:00:00.000","May 9, 2026 @ 22:04:50.926","May 1, 2026 @ 23:01:25.000","australia general",0,1,0,"-0.294",negative,true,false,false,Brisbane,"Premium Men Hair Dresser for Layered Haircuts in Brisbane options please I need a hairdresser to cut my wavy thick hair to get a layered hair cut in Brisbane!","https://www.reddit.com/r/brisbane/comments/1t0ssrk/premium_men_hair_dresser_for_layered_haircuts_in/"
reddit,"May 1, 2026 @ 10:00:00.000","May 9, 2026 @ 22:04:15.107","May 1, 2026 @ 22:54:07.000","australia general",9,49,0,"0.984",positive,true,false,false,Melbourne,"Food Delivery for Elder with Special Diet Needs? Hiya Melbourne folks. My mid 70s aged Mum who lives alone is going to need surgery in the next month and we are all thinking about the help she will need after. Her dominant hand and arm will be out of action for a few weeks so cooking and any food prep is out of the question. She also has some quirky diet needs due to both dental and digestive issues...softer foods with simple ingredients, not too much spices or strong flavours. Can anyone recommend a good service that delivers that might be suitable?  Really just looking to info gather to help explore options for how to help her through this. Any suggestions are greatly appreciated.

Edit - thanks so much everyone. Lots of great ideas and info here, you're all legends.","https://www.reddit.com/r/melbourne/comments/1t0sma1/food_delivery_for_elder_with_special_diet_needs/"
reddit,"May 1, 2026 @ 10:00:00.000","May 9, 2026 @ 22:04:15.107","May 1, 2026 @ 22:30:59.000","australia general",43,58,0,"0.755",positive,true,false,false,Melbourne,"So we're getting a snow tunnel? Any chance that this thing could actually be awesome?

https://www.timeout.com/melbourne/news/the-worlds-first-ever-snow-tunnel-is-opening-in-melbourne-this-year-and-its-massive-050126","https://www.reddit.com/r/melbourne/comments/1t0s30a/so_were_getting_a_snow_tunnel/"
reddit,"May 1, 2026 @ 10:00:00.000","May 9, 2026 @ 22:04:34.677","May 1, 2026 @ 22:28:42.000","australia general",0,3,0,"0.382",positive,true,false,false,Perth,"Anyone know where I can buy a resell for Loathe tickets? Had no idea they were coming to perth until today and I'd love to go. Anyone know where resellers would be or if theyd sell a ticket to me lol","https://www.reddit.com/r/perth/comments/1t0s13a/anyone_know_where_i_can_buy_a_resell_for_loathe/"
reddit,"May 1, 2026 @ 10:00:00.000","May 9, 2026 @ 22:04:34.678","May 1, 2026 @ 22:25:56.000","australia general",4,10,0,"0.882",positive,true,false,false,Perth,"Any woodworkers able to lend a hand? Anyone in perth a woodworker and interested in making a custom chopping board?

I’m looking for something bigger than normal to cover my sink, with an L-shaped lip to hook over the edge of the bench. 

Kitchen is small so a board to cover the sink would create more workspace.

I actually enjoy sanding and willing to learn (but i don’t own power tools) so even if someone could cut and join the pieces and guide me the rest of the way, could be fun project !

Obviously willing to pay for timber/time/labour.","https://www.reddit.com/r/perth/comments/1t0ryt3/any_woodworkers_able_to_lend_a_hand/"
reddit,"May 1, 2026 @ 10:00:00.000","May 9, 2026 @ 22:04:15.108","May 1, 2026 @ 22:15:39.000","rent Australia",0,41,0,"0.175",positive,false,true,false,Melbourne,"Did I get scammed by the emergency locksmith? Accidentally locked myself out of my apartment and don’t have a spare key (REA has it and hasn’t dropped it off yet). Called the emergency locksmith and they wouldn’t give me an actual quote, just kept saying they needed to have a look. 

Bloke got here, picked the lock in 2 seconds and then charged me $650. Late call-out fee apparently but surely that’s a bit steep? Anyone know if that’s a reasonable fee or have I been done?","https://www.reddit.com/r/melbourne/comments/1t0rqn0/did_i_get_scammed_by_the_emergency_locksmith/"
reddit,"May 1, 2026 @ 10:00:00.000","May 13, 2026 @ 00:40:08.428","May 1, 2026 @ 22:15:01.000","australia general",0,18,0,"0.666",positive,true,false,false,Sydney,"Cigarette prices in Australia. Hey everyone, moved to Sydney a couple weeks ago and I’m honestly shocked at the price of smokes - like 40 bucks a pack. What are the alternatives? Is it worth ordering online?","https://www.reddit.com/r/australian/comments/1t0rq3t/cigarette_prices_in_australia/"
reddit,"May 1, 2026 @ 10:00:00.000","May 9, 2026 @ 22:04:50.927","May 1, 2026 @ 21:54:36.000","australia general",0,5,0,"0.809",positive,true,false,false,Brisbane,"BRISBANE BRIDES I have seen so many people recommend a content creator to capture the small details on the day. Do any of you believe this is exclusive for those with a higher - more styled wedding?

We aim to have an under 20k wedding, but photography and capturing details is one of our non-negotiables. I feel that the content creation I see are aimed at more luxrious types of wedding. Appreciate any advice and opinions.","https://www.reddit.com/r/brisbane/comments/1t0r9tn/brisbane_brides/"
reddit,"May 1, 2026 @ 10:00:00.000","May 9, 2026 @ 22:04:50.928","May 1, 2026 @ 21:36:19.000","rent Australia",0,12,0,"0.962",positive,true,true,false,Brisbane,"Any advice for a photography enthusiast visiting Brisbane? https://preview.redd.it/92kkuq27iiyg1.jpg?width=1206&amp;format=pjpg&amp;auto=webp&amp;s=21f1606400015f338a5da1d8eb2705945bff0dae

Hey guys👋, I'm planning to spend a week in Brisbane in mid July for my first time there. Just wanted to ask for any place recommendations? Honestly city sightseeing and shopping are not my thing, I'm thinking of renting a car and checking out some more interesting spots, like zoos, stargazing locations. I'm an amateur photographer, mainly shooting airplanes, cars, animals, and sports. I also came across an event called All Ford Day on July 19th at Willowbank Raceway, really looking forward to that one!  
I wonder if anyone with similar interests can give me some advice, would really appreciate it!","https://www.reddit.com/r/brisbane/comments/1t0qvyo/any_advice_for_a_photography_enthusiast_visiting/"
reddit,"May 1, 2026 @ 10:00:00.000","May 9, 2026 @ 22:04:50.929","May 1, 2026 @ 21:13:24.000","rent Australia",0,13,0,"0.951",positive,false,true,false,Brisbane,"Places to visit as a newly single girl in her late 20s Not after locations in Bris but a bit more north. I’d like to go somewhere beachside where I can just chill, get coffee, lay and go to the beach, do some meditating yoga etc.   
The reason I’m choosing north is because I have a family member in Hervey Bay would like to visit for a day or two. But apparently Hervey Bay is not the nicest place to stay.   
So maybe somewhere a bit more suitable? I’m not necessarily looking st going out but s nice bar might be fun (is it normal to go to bars by yourself lol)? 

Any advice , let me know!","https://www.reddit.com/r/brisbane/comments/1t0qewj/places_to_visit_as_a_newly_single_girl_in_her/"
reddit,"May 1, 2026 @ 10:00:00.000","May 9, 2026 @ 22:04:34.679","May 1, 2026 @ 21:05:49.000","australia general",3,20,0,"0.971",positive,true,false,false,Perth,"Nice restaurants with vegan options? Hi, I don't live in Perth, but will be there at the same time as a friend who lives over East. I want to take her out to dinner, a nicer/upscale restaurant, but have no idea where to start, except there needs to be nice vegan options for her. We're both staying in the CBD, but are happy to travel for a good meal. Any suggestions would be welcome!","https://www.reddit.com/r/perth/comments/1t0q9id/nice_restaurants_with_vegan_options/"
reddit,"May 1, 2026 @ 10:00:00.000","May 9, 2026 @ 22:04:34.680","May 1, 2026 @ 20:53:55.000","australia general",0,41,0,"0.831",positive,true,false,false,Perth,"Solo sabbatical Perth Hey fellow aussies or whoever been to Perth,  
I’m traveling to WA solo for my first time, I seen TikTok and see some sketchy advice to avoid cbd. Is it really not safe? Quite nervous tbh.

I’m staying near swan river, is there relatively a safe place to be at? Thank you in advanced! Any kind of advice from fellow Perth residents is much appreciated! 

Oh and I don’t plan to drive, so mostly I’m gonna either Take the public transport or uber.","https://www.reddit.com/r/perth/comments/1t0q0v3/solo_sabbatical_perth/"
reddit,"May 1, 2026 @ 10:00:00.000","May 9, 2026 @ 21:08:39.617","May 1, 2026 @ 20:24:50.000","rent Sydney",83,1,0,"-0.103",negative,true,true,false,Sydney,"City of Sydney moves to ban short-term rentals amid housing crisis I actually think this is the wrong move for a society that culturally loves to rule over others and submission. 

  
I think the right move here would be to collect retrospective data, and charge a infrastructure levie for what is practicallt a hotel business taking advantage of public infrastructure. In addition higher- rates and council permits  for this hotel infrastructure locking them in retrospective but also across a few year. 



Might as well milk these investors to upgrade other infrastructure.","https://www.reddit.com/r/AusFinance/comments/1t0ph4p/city_of_sydney_moves_to_ban_shortterm_rentals/"
reddit,"May 1, 2026 @ 10:00:00.000","May 9, 2026 @ 21:08:39.622","May 1, 2026 @ 19:59:03.000","rent Australia",0,15,0,"0.983",positive,true,true,false,Sydney,"Give me your view! Ok, im self taught.  Grew up in the bronx.  Wifey and I are 45.  No kids.  Trying (expensive IVF).  Not going well ....

Assets

\- Wifey owns the house.  Townhouse (strata) $1.1m mortgage free.  

\- We own a block of units, outskirts of town.  Probably worth $1.5m returns $80k gross rent.  Mortgage of $700k with $100k sitting in offset (so net $600k).

\- own a warehouse, only small but high end.  Probably worth $700k.  Rental income of $30k net

\- Wifey super $400k, my super $400k

\- no consumer debt.  All cars owned.  A bit of cash sitting around in accounts, say $100k

\- i own a business.  Lets value that at zero.  There is $340k of debt in there but business would be worth $500k easy.

Income

\- wifey earns around $100k.  4 days a week.  One ""lady day"".  Dont ask.  Handbag shopping i think ...

\- Me.  Hard to say, lets guess at $200k plus super. 

\- so household income is $200k plus $100k plus $100k of rental income. So roughly $400k.

Plan

\- keep maxing super at $30k each.

\- pay off all debt: $600k on the units, $340k on the business.  Id say this will take 10 years

\- maybe buy a another house to live in ($2.5m)

\- hope for that sprog (IVF).

Any ideas of things im missing.  Im 3/4 into a nice bottle of wine with another following so might be delayed in answering","https://www.reddit.com/r/AusFinance/comments/1t0p01q/give_me_your_view/"
reddit,"May 1, 2026 @ 10:00:00.000","May 10, 2026 @ 16:29:47.983","May 1, 2026 @ 19:23:37.000","rent Australia","1,498",154,0,"-0.827",negative,true,true,false,Sydney,"City of Sydney moves to ban short-term rentals amid housing crisis - realestate.com.au","https://www.reddit.com/r/sydney/comments/1t0odsa/city_of_sydney_moves_to_ban_shortterm_rentals/"
reddit,"May 1, 2026 @ 10:00:00.000","May 9, 2026 @ 22:04:15.108","May 1, 2026 @ 19:05:29.000","australia general",68,3,0,0,neutral,true,false,false,Melbourne,"The first of two Full Moons this May: 99.8% illumination over Melbourne tonight.","https://www.reddit.com/r/melbourne/comments/1t0o2rx/the_first_of_two_full_moons_this_may_998/"
reddit,"May 1, 2026 @ 10:00:00.000","May 9, 2026 @ 22:04:34.682","May 1, 2026 @ 18:48:25.000","australia general",1,34,0,"0.993",positive,true,false,false,Perth,"Indian food in Perth for someone who WANTS to love it (coeliac-friendly) Hi all,

I’m on a mission and hoping you can help.

Indian food always *looks* incredible to me, but every time I’ve tried it (either cooking at home or eating out), I just haven’t had that YES moment yet. I’m convinced I haven’t found the *right* dish or the *right* restaurant.

For context:

* I’m a big foodie 
* I tend to gravitate towards East and South East Asian cuisine
* I enjoy very traditional recipes or homestyle cooking
* I have coeliac disease, so I don’t eat wheat (naan is not my friend)

I’d really appreciate:

1. **Perth restaurant recommendations** that do genuinely great Indian food (bonus if they’re good with gluten-free/coeliac)
2. **Specific dishes** you’d recommend for someone like me — maybe something less heavy or more flavour-forward?

I’m very open-minded and want to “get” Indian food — I feel like I’m missing out.

Thanks in advance 🙏","https://www.reddit.com/r/perth/comments/1t0ns1e/indian_food_in_perth_for_someone_who_wants_to/"
reddit,"May 1, 2026 @ 10:00:00.000","May 9, 2026 @ 22:04:50.931","May 1, 2026 @ 18:45:39.000","australia general",0,101,0,"-0.151",negative,true,false,false,Brisbane,"Tired of the “trains are more reliable than buses” trope Usually here on r/brisbane many are keen to point out that trains are reliable, and particuarly, much more reliable than buses. I should also add that all of this is completely unrelated to ongoing strike actions.

If we dive into the statistics we see that on a non force majeure adjusted basis, trains in SEQ are 92% on-time (roughly) compared to buses being 91% on-time.

So on face value they are ever so slightly more reliable than buses I suppose… but that doesn’t really capture the “psychological reliability” as I’ll call it. Without checking Journey Planner or staying on top of track closure updates you will almost never be certain before arriving at a train station if your train is even going to arrive in the next 2 hours or not.

I think we should be demanding much more of our rail services, and relying far less on the old “buses are much less reliable than trains” trope… both of these elements are really holding back our transit network.","https://www.reddit.com/r/brisbane/comments/1t0nqdo/tired_of_the_trains_are_more_reliable_than_buses/"
reddit,"May 1, 2026 @ 10:00:00.000","May 9, 2026 @ 22:04:15.108","May 1, 2026 @ 18:10:07.000","australia general",0,14,0,0,neutral,true,false,false,Melbourne,"Indian mangoes in Melbourne! Anyone know a place to buy in or around Melbourne for buying in boxes or by weight?","https://www.reddit.com/r/melbourne/comments/1t0n4cd/indian_mangoes_in_melbourne/"
reddit,"May 1, 2026 @ 10:00:00.000","May 13, 2026 @ 00:40:08.428","May 1, 2026 @ 18:06:06.000","australia general",213,96,0,"0.607",positive,true,false,false,Australia,"Almost 200,000 households are waiting for public housing. That is families and older people who need a home. Australia has 4 per cent social housing. The average for rich countries is 7 per cent. Why are we so behind? https://preview.redd.it/7zvtj7fughyg1.png?width=967&amp;format=png&amp;auto=webp&amp;s=bedadb6c6fa23c357e7204466f2b1cd5c7d33358

[https://theuntoldtruth.pages.dev/articles/housing-waiting-list-crisis/](https://theuntoldtruth.pages.dev/articles/housing-waiting-list-crisis/)","https://www.reddit.com/r/australian/comments/1t0n1vj/almost_200000_households_are_waiting_for_public/"
reddit,"May 1, 2026 @ 10:00:00.000","May 10, 2026 @ 09:44:49.297","May 1, 2026 @ 17:50:17.000","australia general",18,31,0,"-0.102",negative,true,false,false,Sydney,"Pub Trivia in Sydney CBD Can anyone recommend any bars or pubs that do a good trivia night, preferably in the CBD? 

I really miss the one at The White Cockatoo but alas, I’ve moved out of the Inner West…","https://www.reddit.com/r/sydney/comments/1t0mrsv/pub_trivia_in_sydney_cbd/"
reddit,"May 1, 2026 @ 10:00:00.000","May 9, 2026 @ 22:04:50.931","May 1, 2026 @ 17:37:55.000","rent Australia",27,49,0,"0.612",positive,false,true,false,Brisbane,"Is DFO worth it? I feel like years ago they were cheaper, but I'm not sure if that's still true. I've only been a few times in the past decade, but it hasn't felt any different to normal shops.

What's the vibe these days? Actually cheaper stuff that's maybe just last season or whatever, or only cashing in on a reputation?","https://www.reddit.com/r/brisbane/comments/1t0mk57/is_dfo_worth_it/"
reddit,"May 1, 2026 @ 10:00:00.000","May 9, 2026 @ 21:08:39.623","May 1, 2026 @ 17:31:16.000","rent Melbourne",2,8,0,"0.778",positive,true,true,false,Sydney,"66% of income on rent (Melbourne outer suburbs) Hi, I definitely know what the long-term focused answer is already however I’d like perspectives as: 

Bills included in rent (sharehouse)   
Ensuite room  
Access to train and bus  
Contract is 6 months

I don’t go to uni, I’m in my early 20s. Still under family private health. Is this feasible at all?","https://www.reddit.com/r/AusFinance/comments/1t0mfyv/66_of_income_on_rent_melbourne_outer_suburbs/"
reddit,"May 1, 2026 @ 10:00:00.000","May 9, 2026 @ 22:04:50.933","May 1, 2026 @ 17:21:37.000","rent Australia",7,36,0,"0.518",positive,false,true,false,Brisbane,"Why a drop bar road bike may be an alternative to an e-bike under the new laws There have been a lot of posts regarding the 10km/h speed limit of the new e-bike laws. This got me wondering how fast could someone travel on a drop bar road bike if they road it like they currently ride an e-bike.

Modern road bikes are extremely efficient, requiring about 30% less power compared to a mountain bike at 30km/h. So, I did an experiment to ride a road bike like an e-bike to see how fast it was. The rules were:

\- I had to average 100W power, similar to what a rider produces on an e-bike (and similar power to moderate walking speed)

\- I had to include a reasonable hill (Highgate Hill)

\- On hills only I could increase the power to 140W

The outcome was an average speed of 22.3km/h which is somewhere similar to what a currently legal e-bike would do on the same course.

So, it seems a road bike may be an option for many people. I'm not saying it will suit everyone's circumstances, but for a considerable proportion it may.

https://preview.redd.it/qq7v6b079hyg1.png?width=2259&amp;format=png&amp;auto=webp&amp;s=dba71b79e680bd55ff9928231c833cf5217f8250","https://www.reddit.com/r/brisbane/comments/1t0ma2w/why_a_drop_bar_road_bike_may_be_an_alternative_to/"
reddit,"May 1, 2026 @ 10:00:00.000","May 13, 2026 @ 00:40:00.330","May 1, 2026 @ 17:13:29.000","rent Australia",26,57,0,"0.588",positive,false,true,false,Canberra,"Beginner friendly drives to the beach from Canberra? Hello!

I’m currently on my P plates and was hoping to take my friends on a relaxing beach day trip somewhere with a few shops and things to do. I was wondering if there are any beaches nearby that aren’t too intimidating to drive to for someone who hasn’t really driven beyond Canberra before.

I’ve considered Jervis Bay and Batemans Bay, but I’ve been warned by a few fully licensed drivers that there are certain sections of the drive (I’m not exactly sure where) that can be quite challenging. I’d say I’m a fairly confident driver, but the unfamiliarity of those roads makes me a bit hesitant, especially if I’m not fully prepared.

So I was wondering if there are any other beach options that might be a bit easier or less stressful to drive to?","https://www.reddit.com/r/canberra/comments/1t0m513/beginner_friendly_drives_to_the_beach_from/"
reddit,"May 1, 2026 @ 10:00:00.000","May 9, 2026 @ 22:04:50.934","May 1, 2026 @ 17:10:59.000","australia general",0,5,0,"-0.714",negative,true,false,false,Brisbane,"railway works does anyone have insight as to why the BNFG train is skipping all the south brisbane stations but only sometimes? i get that there are rail works, but i am not understanding why the rail works mean that only every third train can use a station. like both the tracks and station are clearly functional, because they're in use. i'd feel a lot less frustrated by adding an hour to my commute every day if i at least understood why it has to be this way, but there is absolutely no explanation anywhere on translink as to what the purpose of skipping stations actually is. saving 5 minutes? i assume there is a reason, but not being able to find one is really annoying me.","https://www.reddit.com/r/brisbane/comments/1t0m3fe/railway_works/"
reddit,"May 1, 2026 @ 10:00:00.000","May 9, 2026 @ 22:04:50.935","May 1, 2026 @ 17:06:15.000","rent Australia",123,65,0,"-0.594",negative,true,true,false,Brisbane,"Brisbane Northside - smell the kitchen cupboards when inspecting properties. Avoid buying/renting a breaking bad house. Hey peeps!

If you're out house hunting on the North Side of Brisbane, please open kitchen cupboards and drawers and smell inside of them. If you pick up on anything strange, might be worth while picking up a DIY meth testing kit or getting it professionally tested. 

For legal reasons I won't mention the address or suburb or agency. Real estate agents aren't under any legal obligation to report any suspicious former labs, so as a prospective buyer or renter, do your own research.

If an agent is too pushy with timeframes, probably a red flag. 

Save someone by passing this on.

Changed heading. Previous post got removed because it's not about Brisbane?","https://www.reddit.com/r/brisbane/comments/1t0m0hq/brisbane_northside_smell_the_kitchen_cupboards/"
reddit,"May 1, 2026 @ 10:00:00.000","May 9, 2026 @ 22:04:34.682","May 1, 2026 @ 17:02:27.000","australia general",15,44,0,0,neutral,true,false,false,Perth,"Does anyone here work as a railcar/train diver in Perth? What’s your overall opinion on the roll and everything it entails?","https://www.reddit.com/r/perth/comments/1t0ly24/does_anyone_here_work_as_a_railcartrain_diver_in/"
reddit,"May 1, 2026 @ 10:00:00.000","May 9, 2026 @ 22:04:15.113","May 1, 2026 @ 16:54:27.000","rent Australia",664,115,0,"-0.957",negative,false,true,false,Melbourne,"Scary experience on Cranbourne Packenham line today When I was on the train today a man got on who was having a mental episode.

50ish, heavy set, white, wearing a green tshirt. He was talking to himself, clearly paranoid and glaring at people.

The train stopped in the metro tunnel and a young guy sitting in front  (happened to be of Indian background) got up to disembark.

The other guy pretended to get up too, manufactured a collision. At which point he lashed out at the Indian guy (a much slighter person).

The Indian guy was in shock but then squared up to the guy. I was in shock myself but unconsciously got up and put my hand on the Indian guy’s shoulder and escorted him to the door.

I just said ‘the guy is unwell and dangerous, just get out of here ‘

Thankfully he took my advice.

It wasn’t my stop do I unwisely stayed on the train. The mental guy started shouting at me calling me a ‘white dog’.

I moved down a few carriages to get away from him. I was scared he would come after me but thankfully he did not.

Got to my destination safely but I was shook up.

But my questions are:

Should I have called the cops? The danger was passed but the mental guy was still on the train. He could go off again.

I googled the STOP IT service. Apparently that is not monitored live. It is to gather info for investigation after the event.

Could I have pressed the emergency button and told the driver? Would that have helped? 

i feel bad for not reporting it but TBH I wasn’t sure if I was overreacting or even how i could report it.","https://www.reddit.com/r/melbourne/comments/1t0lsoo/scary_experience_on_cranbourne_packenham_line/"
reddit,"May 1, 2026 @ 10:00:00.000","May 13, 2026 @ 00:40:08.429","May 1, 2026 @ 16:43:30.000","australia general",5,65,0,"0.927",positive,true,false,false,Australia,"What should I put in an Australian gift box? Hello everyone. I’m thinking of sending an Australian gift box to a friend of mine (25, F) who lives in Europe. I’d like to include postcards, a small koala and some Australian snacks. What Australian snacks do you think I absolutely must include? (Tim Tams, etc.) What would you recommend?","https://www.reddit.com/r/australian/comments/1t0llq9/what_should_i_put_in_an_australian_gift_box/"
reddit,"May 1, 2026 @ 10:00:00.000","May 9, 2026 @ 22:04:50.937","May 1, 2026 @ 16:30:47.000","australia general",8,31,0,"0.986",positive,true,false,false,Brisbane,"Best premium butcher in Brisbane for birthday BBQ meat Hey everyone, planning a birthday BBQ and want to upgrade the meat this time instead of the usual supermarket run. Looking for a proper premium butcher in Brisbane that focuses on quality, consistency, and knows their cuts well.

It’s a special occasion so I want something reliable where the sourcing and handling really show in the flavour. If you’ve got a trusted local butcher you go to for events like this, keen to hear your recommendations.

Update: Thanks for the recommendation. I ended up going with **Peter Augustus Craft Butcher** for the birthday BBQ and it was a good call. Fresh cuts, great quality, and much better than a supermarket run. I’ll definitely recommend them for premium meat","https://www.reddit.com/r/brisbane/comments/1t0ldie/best_premium_butcher_in_brisbane_for_birthday_bbq/"
reddit,"May 1, 2026 @ 10:00:00.000","May 9, 2026 @ 22:04:34.683","May 1, 2026 @ 16:26:53.000","australia general",119,276,0,"0.723",positive,true,false,false,Perth,"Buying property in 2026 in Perth Pricing for housing in Perth has gone sky-high. My workmate's neighbor who live in maddington is selling their house (3 bedrooms) for $900K!. 

What is the median price for other suburbs nearby?   
Will the younger generation like myself (i'm 27) still manage to get a loan for a new house under 900 in metro areas? 😂","https://www.reddit.com/r/perth/comments/1t0lazz/buying_property_in_2026_in_perth/"
reddit,"May 1, 2026 @ 10:00:00.000","May 9, 2026 @ 22:04:34.688","May 1, 2026 @ 16:23:20.000","australia general",90,10,0,"0.988",positive,true,true,false,Perth,"Extremely Bright International Space Station Flyover of Perth and WA This Weekend Alright, WA, it’s that time again when the International Space Station (ISS) decides to show off.

The space station is doing a couple of *ridiculously bright* flyovers this weekend, and yes, it will look like a suspiciously fast-moving star that makes you question your life choices for a second.

**When to look:**

* **Saturday, May 2nd – 6:45 pm** (Mag -3.6, aka *“why is that star brighter than my future?”*)
* **Sunday, May 3rd – 5:58 pm** (also Mag -3.6, because subtlety is overrated)

**How To Use The Attached Maps:**

If you’ve got one of those sky maps, hold it above your head like you’re summoning something ancient. It’s science. Trust me.

Or, if you prefer technology doing the heavy lifting, grab the Spot the Station app and let it guide you like a space-savvy GPS.

Try not to loudly announce “UFO???” in front of your neighbours (or do, I’m not your supervisor)

**Bonus facts to impress your mates:**

* The space station is **109 metres end-to-end and 75 metres wide**, so Optus Stadium's playing surface is longer than it.
* There are **7 people** on the station at the moment (4 Russians, 3 Americans, and a French woman)
* It’s moving at about **28,000 km/h**, so if you blink too long, it’s already halfway to Kalgoorlie
* In 24 hours, the space station makes 16 orbits of Earth, travelling through 16 sunrises and sunsets.
* It’s brighter than most stars because it’s catching sunlight while we’re in twilight, basically doing its best “main character energy” impression

Anyway, get outside, look up, and enjoy your free cosmic flyby. No tickets, no queues, no parking drama. Just Perth skies doing their thing.","https://www.reddit.com/r/perth/comments/1t0l8of/extremely_bright_international_space_station/"
reddit,"May 1, 2026 @ 10:00:00.000","May 9, 2026 @ 22:04:50.944","May 1, 2026 @ 16:13:56.000","rent Australia",100,39,0,"0.973",positive,false,true,false,Brisbane,"[Update] I(21M) got kicked out and no where to go. Hello,

I appreciate those reaching out to me in the past few days offering any kind of support to help me out. When I got kicked out at 2 in the morning out of the blue, I had no place to go to. It was pouring outside, and I turned to Reddit to seek some advice. While I found a cozy dark shed to sleep under, I managed to do it until the parents let me back in. I rang multiple hotlines thanks to askizzy, however no help was available at that understandably. Initially, I was only allowed to stay in for a few days, however because of my efforts to find a room to move out to , I am able to negotiate a short period stay for now. So, I am not in need for any immediate emergency accommodation. 

However, I am now aiming for a cheap room closer to the city. I have 2 sharehouse inspections lined up in the next few days for under $220 bucks a week. I am hitting people on Gumtree, Flatmates and Marketplace right and left to get my hands on any listing suitable for my budget. I have no rental history and it's my first time moving out so, I am just winging at it. I am not sure if there's any other service out there that can help me out with long term affordable housing. It's been a nightmare trying to get an appointment with a Centrelink social worker since I have never done it before, although if it works out it can be a great help. 

I have food and everything sorted out for now. Thanks to those who were kind enough to offer me food and basic essentials even when you don't know who I am and how I look like. 

I got enough savings and okay-ish casual hours to survive for the next few months. I have already applied to a few part time jobs to get my hours up as my current retail job won't help me survive long-term, and I am in the middle of doing online assessments as a few have already moved forward with my application. 

Any advice on how I should go about standing out when looking to rent out a room for the first time without any prior rental history? Cheap okay-ish places to just hang in there while I save up and build myself up. 

Cheers","https://www.reddit.com/r/brisbane/comments/1t0l2ox/update_i21m_got_kicked_out_and_no_where_to_go/"
reddit,"May 1, 2026 @ 10:00:00.000","May 9, 2026 @ 22:04:34.692","May 1, 2026 @ 16:01:09.000","rent Australia",0,30,0,"0.969",positive,false,true,false,Perth,"Which holiday do most parents take I have 2 children - one is 8 years of age and the other 1 year old. 

My mother suggested we do a week up or down the coast at a caravan park for the July school holidays. She is under the impression it will be a cheap getaway and my boy can play with other kids.

I countered with ""I'm pretty sure alot of families with kids go to bali"" - which my partner agrees.

The objective is to have the 8 year old play with kids on holidays at a kids club community thing.

My question and advice I am looking for is this:

Where in w.a are families going on the july holidays that has many kids going, lots of fun activities, family friendly etc?

What about bali? my partner and I seem to think Bali is the go to destination- but we are at a loss for where families like to stay, whether there are hotel kids clubs and activities etc.

Where are people going on holidays/ doing for their kids this coming school holidays?","https://www.reddit.com/r/perth/comments/1t0ku2z/which_holiday_do_most_parents_take/"
reddit,"May 1, 2026 @ 10:00:00.000","May 9, 2026 @ 22:04:34.694","May 1, 2026 @ 15:40:21.000","australia general",9,18,0,"0.954",positive,true,false,false,Perth,"Nice perth dentist SOR Hey guys,

I’m embarrassed to say but a haven’t been to the dentist for a few years now and I’m hoping someone could suggest a dentist that is friendly/kind and non judgmental as I’m very insecure about my teeth. 

I take good care of them, brush twice a day and try to floss regularly (every 2nd or 3rd day) but I do have an enamel deficiency so my teeth aren’t the prettiest and I’ve always been insecure about the appearance of them.

I used to go regularly but I’m extremely anxious to go after my last visit a couple years ago. I honestly was not taking the best care of my teeth at that specific time due to mental health and the dentist was extremely judgmental and i felt really embarrassed/uncomfortable about the comments they made about my teeth as they said them with a very mean judgmental tone.

I am honestly just wanting suggestions of dentists SOR (preferably more towards Mandurah) that are good with patients who are anxious and are not going to be judgemental and make comments about my teeth in such a harsh/rude way.","https://www.reddit.com/r/perth/comments/1t0kg7b/nice_perth_dentist_sor/"
reddit,"May 1, 2026 @ 10:00:00.000","May 9, 2026 @ 22:03:35.067","May 1, 2026 @ 15:21:30.000","diesel Australia",181,42,0,0,neutral,false,false,true,Australia,"Fortescue launches national campaign to cap diesel tax handouts to big mining companies","https://www.reddit.com/r/australia/comments/1t0k3aa/fortescue_launches_national_campaign_to_cap/"
reddit,"May 1, 2026 @ 10:00:00.000","May 9, 2026 @ 22:04:50.952","May 1, 2026 @ 15:08:23.000","australia general",157,39,0,"0.747",positive,false,false,false,Brisbane,"I wrote to the Minister for Transport (Mickelberg) about the rail delays and you should too: Dear Minister Mickelberg,

I’m writing regarding the ongoing rail disruptions caused by protected industrial action and, more specifically, the public messaging coming from your office and your political party. I've been affected by these repeatedly since they began.

At a recent press conference, you stated:

*“These temporary changes are going to have a considerable impact on Queenslanders. Queenslanders are rightly frustrated and angry … we’re also frustrated.”*

No one disputes that disruptions are frustrating, we commuters feel it every day. What is concerning is the way this situation is being framed - statements like this risk directing public anger solely at workers and their unions, rather than acknowledging the broader context: employees exercising their lawfulright to take protected industrial action in pursuit of a fair Enterprise Bargaining Agreement.

Frustration should not be used as a political tool to undermine workers who are negotiating in good faith. These workers are not acting unlawfully or irresponsibly - they are participating in a regulated process designed to balance power between employers and employees.

If the government is genuinely frustrated, then the logical expectation is that it would play a constructive role in resolving the dispute, rather than contributing to a narrative that places blame disproportionately on one side.

I would ask:

\- What steps is your office taking to encourage a fair and timely resolution to the EBA negotiations?

\- Do you believe it is appropriate to characterise the situation in a way that may inflame public sentiment against workers exercising legal rights?

Queenslanders deserve both a reliable transport system and a fair outcome for the people who operate it. These are not mutually exclusive goals.

I would appreciate a considered response outlining your position and the actions being taken to resolve this matter constructively.","https://www.reddit.com/r/brisbane/comments/1t0ju7s/i_wrote_to_the_minister_for_transport_mickelberg/"
reddit,"May 1, 2026 @ 10:00:00.000","May 9, 2026 @ 22:04:50.952","May 1, 2026 @ 14:36:55.000","australia general",444,194,0,"-0.758",negative,false,false,false,Brisbane,"Reza Adib, partner of former Queensland premier Annastacia Palaszczuk, charged with rape","https://www.reddit.com/r/brisbane/comments/1t0j7jh/reza_adib_partner_of_former_queensland_premier/"
reddit,"May 1, 2026 @ 10:00:00.000","May 9, 2026 @ 22:03:35.068","May 1, 2026 @ 14:30:17.000","groceries Australia",93,68,0,"0.408",positive,false,true,false,Australia,"Uber One removing benefits Signed up for Uber One in April, one of the benefits that made me go ahead was the $20 off each month on groceries as it would basically pay for itself. I now received an e-mail from Uber One that after the 31st of May this benefit will no longer be applicable. Wondering if they have removed this deal for everyone from this date, or if people have had it removed from their account previously and it's just something they do with every new customer? 

They're now stating it was a limited time promotion but that wasn't relayed anywhere when signing up","https://www.reddit.com/r/australia/comments/1t0j2vh/uber_one_removing_benefits/"
reddit,"May 1, 2026 @ 10:00:00.000","May 9, 2026 @ 22:04:15.114","May 1, 2026 @ 13:54:51.000","rent Australia",561,421,0,"0.581",positive,true,true,false,Melbourne,"Good news Melbourne Hi,

With this weeks news of Kumanjayi Little Baby and the male Melbourne teacher hiding cameras in a school bathroom, as the parent of a little toddler, I'm feeling *incredibly* flat. 

Does anyone have good news stories from around Melbourne this week, no matter how big or small?","https://www.reddit.com/r/melbourne/comments/1t0id8u/good_news_melbourne/"
reddit,"May 1, 2026 @ 10:00:00.000","May 9, 2026 @ 22:04:34.697","May 1, 2026 @ 13:52:09.000","australia general",374,199,0,"0.073",positive,true,false,false,Perth,"Why do people do this? In Perth- The person who was in the disabled bay- wasn’t disabled (not to make assumptions but she was young fit and in workout attire) and ran into the bakery. No parking permit, I was with a friend who is in a wheelchair and they spoke up, politely and said it wasn’t right they did that. The person dismissed them and got into their car and drove away. Then the yellow lined bay isn’t a bay at all, it’s for when disabled vans or when people with disabilities need extra space (for their wheelchair, walkers etc) to get in and out of the vehicle safely. That lady ran into the cigarette shop. I can say for certain most disabled people can’t park in regular bays because otherwise they’d scratch the side of your car (which would probably piss ya off) or not be able to get in or out of the vehicle. Most bays aren’t wide enough between cars for their assistive equipment. I understand we’re all in a rush nowadays, but you could’ve parked in the three empty bays on the far side of the parking lot instead of stuffing it up for people who actually need these spots. It may of been convenient for you but if you put yourself in someone else’s shoes you may understand why it’s not okay. It’s unfair, selfish and inconsiderate. All you had to do was walk a few extra steps and it wouldn’t have taken you more than an extra minute.","https://www.reddit.com/r/perth/comments/1t0ibcd/why_do_people_do_this/"
reddit,"May 1, 2026 @ 10:00:00.000","May 9, 2026 @ 22:04:50.953","May 1, 2026 @ 13:37:55.000","australia general",96,28,0,"-0.843",negative,false,false,false,Brisbane,"Car fire on Pacific Motorway near Griffith Uni Seen from the busway.

EDIT: Flames were above the fence before fire trucks arrived.

Qld Traffic reports single vehicle crash. [https://qldtraffic.qld.gov.au/?id=798663](https://qldtraffic.qld.gov.au/?id=798663)

Queensland Ambulance Service reports no injuries.","https://www.reddit.com/r/brisbane/comments/1t0i183/car_fire_on_pacific_motorway_near_griffith_uni/"
reddit,"May 1, 2026 @ 10:00:00.000","May 9, 2026 @ 22:04:34.698","May 1, 2026 @ 12:54:55.000","rent Australia",38,10,0,"0.956",positive,true,true,false,Perth,"LOCAL ARTIST – ARTWORK SEEKING A HOME Perth &amp; Surrounds

Hi, I am trying to link in with some people around Perth, or any art groups, if anyone can suggest?   
I’m currently looking for Cafés, restaurants, retail spaces, exhibition or display opportunities. Any creative spaces open to supporting local art. 

Eventually I would like to try also at Markets, or even an online store, but for now I just want to have my art visible and in a space that suits it. Let’s collaborate if you have a space that could use original, meaningful artwork, I’d love to hear from you.

 Instagram: @ferocious\_trumpet","https://www.reddit.com/r/perth/comments/1t0h50z/local_artist_artwork_seeking_a_home/"
reddit,"May 1, 2026 @ 10:00:00.000","May 9, 2026 @ 22:03:35.069","May 1, 2026 @ 12:53:34.000","australia general",689,70,0,"0.942",positive,true,true,false,Sydney,"Has Gina Rinehart ‘bought’ One Nation? Pauline Hanson has the billionaire’s backing – and she’s super happy The answer to that question being ""Yes"".

Pauline is so in love with her new lavish international jet set lifestyle she is going to do anything the hutt asks of her.","https://www.reddit.com/r/australia/comments/1t0h3z3/has_gina_rinehart_bought_one_nation_pauline/"
reddit,"May 1, 2026 @ 10:00:00.000","May 9, 2026 @ 22:04:50.953","May 1, 2026 @ 12:42:41.000","australia general",412,307,0,"-0.872",negative,true,false,false,Brisbane,"Sad to see lots of tent cities popping up around Brisbane. The amount of tent cities that have popped up in the last few years is sad.

I understand why this is happening, but it is disappointing that this is the trajectory Brisbane is on.

I don’t have a solution, but I feel it’s not a great look for Brisbane which prides itself as one of the most liveable cities.","https://www.reddit.com/r/brisbane/comments/1t0gvf8/sad_to_see_lots_of_tent_cities_popping_up_around/"
reddit,"May 1, 2026 @ 10:00:00.000","May 10, 2026 @ 07:54:51.337","May 1, 2026 @ 12:41:37.000","rent Australia",943,137,0,"0.941",positive,true,true,false,Sydney,"Libraries. How bloody good are they as a concept? After many years, decades even, of having not even noticed Libraries as an adult, having children embracing reading has meant I have been back and forth making good use of the (crazy!) concept of borrowing books (and other things).

Just to highlight some of the stuff they have/do:

There are kits you can borrow for various things too: robotics or retro gaming consoles (I borrowed a mini Nintendo over the holidays for something different, they have c64 minis too, preloaded with games). 

They may have some sort of energy efficiency kit with stuff to help improve your home's energy consumption (my library has one with a remote thermometer, energy meter). I was hoping for one with an infrared camera, but alas not quite that fancy.

They often do battery, phone and small electronics recycling. Can also drop off medication blister packs at some.

Can borrow CDs/movies/DVDs etc and players if you need them (could ditch a streaming service or 3 if you were wanting to save some cash). 

Can get a separate kid's card so they can do their own thing.

They might have an app where you can reserve things and then see when they are back. They will shuffle books and other things from libraries in the same council.

They might have a free streaming service for movies that you get a certain amount of access to.

They do printing/photocopying if you get sick of that stupid always dried up inkjet you have at home somewhere. 

Magazines/newspapers.

Wifi.

Colouring in for little kids. 

Toy library.

Air conditioning (good on a very hot day if you have none at home!).

Some have spaces to rent or host classes/community groups.

Discovered one of my libraries has a little ""zine"" section tucked away consisting of very low budget, teeny tiny, low print run, self published mini comics or whatever by artists which was something I had no idea existed..

Anyhow, just something that you might overlook that could be quite useful. 

Anyone else got some good things/stories of their Sydney libraries they might share?","https://www.reddit.com/r/sydney/comments/1t0gul2/libraries_how_bloody_good_are_they_as_a_concept/"
reddit,"May 1, 2026 @ 10:00:00.000","May 9, 2026 @ 22:04:50.955","May 1, 2026 @ 12:39:06.000","rent Australia",1,5,0,"0.933",positive,true,true,false,Brisbane,"🇦🇺 - AUS Brisbane beginner starting surfing - spots, boards &amp; lessons advice? Hey, Brisbane local (north side of the river) finally getting into surfing. Got a few questions, any advice appreciated.

I'd prefer quieter spots to start, less intimidating as a beginner. I've been looking at Cylinder Beach on Straddie or Little Cove at Noosa. Are these decent picks, or is there somewhere better near Brisbane?

Planning to do lessons first, any suggestions for who to go with?  
  
Is it worth doing a multi-day course?, or is a single lesson enough to get started?

Suggestions for boards? or am i rushing and should just rent for the first bit?

Aiming to surf twice a week, is that enough to actually progress? And what do you wish someone had told you before your first session? Cheers","https://www.reddit.com/r/brisbane/comments/1t0gsln/aus_brisbane_beginner_starting_surfing_spots/"
reddit,"May 1, 2026 @ 10:00:00.000","May 9, 2026 @ 22:04:15.115","May 1, 2026 @ 12:17:19.000","australia general",7,17,0,"0.903",positive,true,false,false,Melbourne,"New to Melbourne and already messed up. lost my retainer 😭 any advice? Hey guys, I’m new here in Australia and I recently lost my retainer 😭

I’m looking to get a new one made, but I’m on a tight budget right now—ideally around $300–$400 if possible.

I don’t have a sample or impression with me, so I’d need to get everything done from scratch.

I’m based in Melbourne, so anywhere nearby would be great, but I’m also open to places anywhere in Australia if they can sort it out properly.

If anyone has suggestions, affordable clinics, or has gone through this before, I’d really appreciate your help!","https://www.reddit.com/r/melbourne/comments/1t0gbdk/new_to_melbourne_and_already_messed_up_lost_my/"
reddit,"May 1, 2026 @ 10:00:00.000","May 9, 2026 @ 22:04:34.699","May 1, 2026 @ 12:16:27.000","rent Australia",38,33,0,"0.44",positive,true,true,false,Perth,"Trail bikes ripping up local park Hi Perth, so there’s a big family that live a few doors down and they own several trail bikes. Every week or so the teens or even the adults that live there are doing wheelies down the street and burnouts at the local park. They have ripped up huge sections of lawn and when they start raving around the park, all the kids playing there scatter and leave.  
The council has said it’s not a council issue and to phone the police, the police have spoken to them after the fact several times and the parents just fob them off. Police say unless they catch them in the act there is nothing they can do.  
Does anyone have any suggestions on what can be done ?","https://www.reddit.com/r/perth/comments/1t0gapo/trail_bikes_ripping_up_local_park/"
reddit,"May 1, 2026 @ 10:00:00.000","May 13, 2026 @ 00:40:08.429","May 1, 2026 @ 12:01:08.000","australia general",171,89,0,"-0.941",negative,true,false,false,Sydney,"What’s wrong with the AuPost delivery guy? The guy knocked the door, and I went downstairs ASAP to answer (within 10 seconds), and then the guy just drive away even seeing me outside. And this happened more than once.

I’ve also been to other countries like China, Japan etc. and received packages, and never met anything like this before. If the delivery guy don’t deliver, what’s the point I purchase things online?????????????

Wth hell is wrong with AuPost?","https://www.reddit.com/r/australian/comments/1t0fyco/whats_wrong_with_the_aupost_delivery_guy/"
reddit,"May 1, 2026 @ 10:00:00.000","May 9, 2026 @ 22:03:35.069","May 1, 2026 @ 11:57:11.000","australia general",137,1,0,"-0.402",negative,true,false,false,Canberra,"At least six Australian activists detained by Israel navy after Gaza flotilla boats intercepted","https://www.reddit.com/r/australia/comments/1t0fv4n/at_least_six_australian_activists_detained_by/"
reddit,"May 1, 2026 @ 10:00:00.000","May 9, 2026 @ 22:04:34.699","May 1, 2026 @ 11:28:45.000","australia general",184,98,0,0,neutral,true,false,false,Perth,"Poliovirus detected in Perth wastewater","https://www.reddit.com/r/perth/comments/1t0f8wu/poliovirus_detected_in_perth_wastewater/"
reddit,"May 1, 2026 @ 10:00:00.000","May 9, 2026 @ 22:03:35.069","May 1, 2026 @ 11:11:28.000","australia general",208,35,0,0,neutral,true,false,false,Perth,"Poliovirus linked to overseas transmission detected in Perth wastewater","https://www.reddit.com/r/australia/comments/1t0evcr/poliovirus_linked_to_overseas_transmission/"
reddit,"May 1, 2026 @ 10:00:00.000","May 12, 2026 @ 22:55:07.042","May 1, 2026 @ 10:50:06.000","rent Australia",5,1,0,"0.99",positive,true,true,false,Sydney,"Matildas to host Mexico in Sydney and Newcastle The Matildas will face Mexico in a two-match friendly series in Newcastle and Sydney this June! Mexico are currently ranked 27th in the world. Their entire squad currently play in the domestic Liga MX Femenil or in the National Women's Soccer League (NWSL) in the United States.

Mexico's captain is Rebeca Bernal, a 28-year-old centre back who plays for Washington Spirit in the NWSL. However, their star player at the moment is 26-year-old Lizbeth Ovalle, who plays as a left winger of Orlando Pride in the NWSL. She won the 2025 Marta Award (an annual award for the best goal in women's football) for a scorpion kick against Guadalajara for UANL Tigres, helping her secure a then-world-record fee when she signed for the Pride in August 2025 for £1.1 million.

Hopefully we get some rotation from the Matildas squad to test out the next generation. UP THE TILLIES!!!","https://www.reddit.com/r/australian/comments/1t0eeep/matildas_to_host_mexico_in_sydney_and_newcastle/"
reddit,"May 1, 2026 @ 10:00:00.000","May 9, 2026 @ 22:04:50.957","May 1, 2026 @ 10:49:10.000","australia general",17,12,0,"0.968",positive,true,false,false,Brisbane,"Casual Dress Shopping Hello all, 

  
I have a question about op shops in Brisbane that have a good selection of wedding dresses. I've read Salvos Underwood had a huge bridal section but that post was over a year ago I think. So, is that still the case? Is there other op shops I should check out? And/or other casual boutiques I could go visit? 

  
Thank you!

Extra unnecessary information: I was planning on just getting a dress online, like on Etsy or Depop, however I am now looking for a unique/fun in-person experience. My sister is in Brisbane hospital as she's having issues with her pregnancy and might have a sub-28 week preemie. She mentioned going wedding dress shopping as a distraction and for us to spend time together, so I'm trying to balance her desire for distraction and for us to have a good day together with not being pressured to buy an expensive wedding dress (or tbh, fall in love with an expensive dress). I'm getting married at Brisbane registry office.","https://www.reddit.com/r/brisbane/comments/1t0edmz/casual_dress_shopping/"
reddit,"May 1, 2026 @ 10:00:00.000","May 9, 2026 @ 22:04:15.115","May 1, 2026 @ 10:31:18.000","australia general",298,150,0,0,neutral,true,false,false,Melbourne,"Victoria Police doubles recruit intake to 1,300 a year as it tries to fill hundreds of vacancies","https://www.reddit.com/r/melbourne/comments/1t0dziy/victoria_police_doubles_recruit_intake_to_1300_a/"
reddit,"May 1, 2026 @ 10:00:00.000","May 9, 2026 @ 22:04:34.699","May 1, 2026 @ 10:14:35.000","rent Australia",81,46,0,"0.433",positive,true,true,false,Perth,"Around 40% of all current Perth sales are to east coast investors - what did house sales in the late 90s/early 2000s look like in Perth? Does anyone have data or know where you could find data that shows how many Perth house sales in the late 90s/early 2000s would have been to east coast investors?","https://www.reddit.com/r/perth/comments/1t0dlvn/around_40_of_all_current_perth_sales_are_to_east/"
reddit,"May 1, 2026 @ 10:00:00.000","May 9, 2026 @ 22:04:50.958","May 1, 2026 @ 10:07:15.000","australia general",28,18,0,"0.55",positive,true,false,false,Brisbane,"Any trick to taking buses in Brisbane? If anyone here is a bus driver or works for transport could I ask a very random question, if two buses of the same number come to my stop (busway) at the same time, and the first bus is more crowded than the second, do controllers always get the second bus to slow down and first bus to hurry up?

I’ve seen certain instances where the second bus just overtook the first bus that was boarding at the station so I was wondering if there is a standard procedure or if I take the second bus will it be crawling on the road. Thanks!","https://www.reddit.com/r/brisbane/comments/1t0dfu5/any_trick_to_taking_buses_in_brisbane/"
reddit,"Apr 30, 2026 @ 10:00:00.000","May 9, 2026 @ 22:03:35.076","May 1, 2026 @ 09:51:07.000","rent Australia",0,44,0,"0.965",positive,false,true,false,Canberra,"Why are frozen chicken burger options so bad here? Maybe it’s just my taste but I’ve found the frozen chicken burger patties in Woolies/Coles to be very bad. There isn’t that wide of a range and those that I’ve tried have tasted almost identical. Pics 1,2,4 all taste the same in a bad way. The marinade/crumb has too strong of a flavour (maybe excessive black pepper?) and the meat is too tough. I’ve tried the crumbed chicken burger in pic 3 and it’s bland, tasteless and still too tough.

I’m looking for something like a mcchicken or mcspicy or even just a juicy, spicy chicken thigh burger. Some days I just want an easy lazy meal I can throw in the air/deep fryer but I haven’t found any good frozen chicken burger for this. The Ingram’s Tempura Chicken Nuggets (pic 5) are great, I just wish they had them in a burger form.

Any suggestions for actually good, juicy and spicy chicken burgers I can cook? 

Back when I was living in Europe, it felt like there were so many options. I could pick any frozen chicken burger and it would be good (eg pic 6) and cheap ( &lt; €2 per portion for a decent chicken burger). Here, it’s such a gamble and every time I try a different one, I’m disappointed. It’s not even tolerably bad, I can’t even get past a few bites. It’s that awful.

Side note: is there anywhere I can get these plain potato croquettes (pic 7). I know Coles have some fancy kind with other ingredients but I’m looking for plain croquettes, just coated fried mashed potato with nothing else.","https://www.reddit.com/r/australia/comments/1t0d23r/why_are_frozen_chicken_burger_options_so_bad_here/"
reddit,"Apr 30, 2026 @ 10:00:00.000","May 9, 2026 @ 22:04:15.118","May 1, 2026 @ 09:39:00.000","australia general",20,100,0,"0.995",positive,true,false,false,Melbourne,"Happy Friday mates! For a first timer in Melbourne and Australia, what are the more pricey but well worth dining places? I'm sorry if this has been asked before but I don't seems to find an similar updated thread for visitors.:) 

This is my first time visiting Melbourne and Australia from Canada.. YAY! Weather has been wonderful so far, especially coming from Canada at the end of winter. Haha. I'm on a business plus vacation trip so I got allowance for meals and stuffs, my budget for the dinner is around $100-150 AUD if I save up from the other 2 meals. I stay in CBD area, wondering if you guys have recommendations that are a bit more expensive but worth to try? I eat basically everything, doesn't have to be fancy but like good food and experience also friendly for lone diner. 

Sorry again if this is an inappropriate post.. Cheers and have a nice weekend guys!! :D","https://www.reddit.com/r/melbourne/comments/1t0cs9h/happy_friday_mates_for_a_first_timer_in_melbourne/"
reddit,"Apr 30, 2026 @ 10:00:00.000","May 19, 2026 @ 01:35:13.511","May 1, 2026 @ 08:45:08.000","australia general",10,55,0,"0.999",positive,true,true,false,Canberra,"All Other Referrals - Megathread April 30, 2026 https://preview.redd.it/pw8vckh4zife1.png?width=5001&amp;format=png&amp;auto=webp&amp;s=65feeef025ee051b9d49a15e6abe0015f81bc62c

**What is a referral code/link?**

Referral links is a *unique URL used in a referral program* to track and reward people for sharing a product or service. In many cases, both the referer and the referee (the one who uses the referral code) will benefit from this.

All referrals that are not meal kits AND cashback referrals are to be posted here to keep clutter off the sub, and in an effort to keep it high quality and actually useful. 

💳💳💳💳💳💳💳💳💳💳💳💳💳💳💳💳💳💳💳💳💳💳💳💳💳💳💳💳💳💳

# Important to note

**We do not allow the following referral codes:**

1. Temu referrals (Go to r/TemuCodeExchange)

2. Any referral codes relating to investment, such as **crypto, and investment platforms.**

3. Referral codes that cannot be used in Australia.

4. Referral codes that link to a HTTP website - **All URLS must start with HTTPS**.

5. Referral codes that relate to **earning cash and reward incentives as compensation from undertaking activities**  \- this includes programs such as watching advertisements and earn programs, play games to earn etc.

6. No account trading requests here.



**We allow a good amount of types of referral codes, not limited to:**

1**. Survey referral codes,** examples include Octopus group, and Survey village.

2. **Finance** related referral codes, including **saving accounts**, and multicurrency accounts (Ie: **WISE**).

3. Popular referrals on this subreddit relate to utilities like energy and NBN, discretionary spending, subscriptions etc.

🛒🛒🛒🛒🛒🛒🛒🛒🛒🛒🛒🛒🛒🛒🛒🛒🛒🛒🛒🛒🛒🛒🛒🛒🛒🛒🛒🛒🛒🛒🛒

# For your information...

This is the Megathread for all other referrals, **except food box/meal kits and cashback programs**.

This Megathread will refresh **monthly**, usually on the **1st day of the month**.

**If you are looking** for any referrals, **this is the place to ask.**

**Food box/meal kits referrals** should be shared in the dedicated **Food Box/Meal Kit Referral Thread**.

**Cashback referrals** should be shared in the dedicated **Cash Back Referral Thread**.

**No ""DM me for the codes"" of the sort.**

======================================================

[Search our Megathreads by clicking on this link](https://www.reddit.com/r/AussieFrugal/search/?sort=new&amp;restrict_sr=on&amp;q=flair%3AMegathread)

[Search our Megathreads using OLD Reddit - click here](https://old.reddit.com/r/AussieFrugal/search/?sort=new&amp;restrict_sr=on&amp;q=flair%3AMegathread)","https://www.reddit.com/r/AussieFrugal/comments/1t0biv1/all_other_referrals_megathread_april_30_2026/"
reddit,"Apr 30, 2026 @ 10:00:00.000","May 9, 2026 @ 22:04:50.958","May 1, 2026 @ 08:36:43.000","australia general",153,111,0,"-0.193",negative,true,false,false,Brisbane,"Brisbane flat whites averaging $5.05, sitting just above the national average Saw this on the ABC finance report tonight (source: SmallFlatWhite.com):


NSW: $4.90
Vic: $5.00
ACT: $5.02
QLD: $5.05
Tas: $5.14
NT: $5.36


National avg $5.01, so Brissie is supposedly sitting just above.


Hard to find one for less than $5.50 around the Northside &amp; I'm hearing plenty of people paying closer to $7 depending on where they go.


What's everyone else actually paying around town? Anyone still finding them under $5.50 or the $5 price?","https://www.reddit.com/r/brisbane/comments/1t0bbkv/brisbane_flat_whites_averaging_505_sitting_just/"
reddit,"Apr 30, 2026 @ 10:00:00.000","May 19, 2026 @ 01:35:13.512","May 1, 2026 @ 08:36:30.000","grocery Australia",61,32,0,"0.796",positive,false,true,false,Unknown,"Cooking based on season Grocery bills are hurting all of us. We all know that fruit and vege that is in season is tastier and cheaper.

I want to be better at cooking with seasonal ingredients to help bring down my costs. Can you share your recommendations on cook books, websites etc to help me along?","https://www.reddit.com/r/AussieFrugal/comments/1t0bbep/cooking_based_on_season/"
reddit,"Apr 30, 2026 @ 10:00:00.000","May 19, 2026 @ 01:35:13.518","May 1, 2026 @ 08:30:08.000","grocery Australia",6,35,0,"0.991",positive,true,true,false,Australia,"Cash Back Referral Megathread April 30, 2026 https://preview.redd.it/1lwff3l0oa6f1.png?width=1200&amp;format=png&amp;auto=webp&amp;s=4bb9f8395d7cb352a540686dd15f56ef3c30b2cc

# What is cashback?

Cashback is **when you receive a credit back to your account**. For example, when you make a purchase, you may get a fixed amount or a percentage of the amount you paid returned to your account.

Essentially, cashback programs give you cash back when you make an eligible purchase at a participating retailer. They work a bit like a piggy bank – you could earn a little bit of cash each time you shop online, which adds up over time.

For example, Topcashback is a cashback program that is free to join and offers a wide range of popular retailers, including food and grocery providers like Menulog, online marketplaces such as Amazon, and travel sites like Booking.com. There are often great deals for everything from everyday products to big-ticket items like furniture and appliances from popular brands like Koala and Bing Lee. Your furry friends are even covered with Petstock!

Some of our users are big fans of Cash Back apps! Example of Cashback program includes: Cashrewards, Shop Back, and Top Cash Back.

💸💸💸💸💸💸💸💸💸💸💸💸💸💸💸💸💸💸💸💸💸💸💸💸💸💸💸💸💸💸💸💸💸💸

# For your information...

This is the Megathread for all referrals relating to **cashback programs only - Topcashback and Shopback are the current two biggest cashback programs in Australia.**

This Megathread will refresh **monthly**, usually on the **1st day of the month**.

**If you are looking** for any cashback referrals, **this is the place to ask.**

All other referrals that is **NOT** related to cashback programs should be shared in the **All other Referrals -Megathread**.

**Food box/meal kits referrals** should be shared in the dedicated **Food Box/Meal Kit Referral Thread**.

**No ""DM me for the codes"" of the sort.**

💰💰💰💰💰💰💰💰💰💰💰💰💰💰💰💰💰💰💰💰💰💰💰💰💰💰💰💰💰💰💰💰💰💰💰💰

[Search our Megathreads by clicking on this link](https://www.reddit.com/r/AussieFrugal/search/?sort=new&amp;restrict_sr=on&amp;q=flair%3AMegathread)

[Search our Megathreads using OLD Reddit - click here](https://old.reddit.com/r/AussieFrugal/search/?sort=new&amp;restrict_sr=on&amp;q=flair%3AMegathread)","https://www.reddit.com/r/AussieFrugal/comments/1t0b5qv/cash_back_referral_megathread_april_30_2026/"
reddit,"Apr 30, 2026 @ 10:00:00.000","May 13, 2026 @ 00:40:02.184","May 1, 2026 @ 07:53:46.000","australia general",17,10,0,"-0.511",negative,true,false,false,Australia,"Bond yields at crisis level as Australian government's 10-Year Treasury rate passes 5 per cent","https://www.reddit.com/r/AusEcon/comments/1t0a996/bond_yields_at_crisis_level_as_australian/"
reddit,"Apr 30, 2026 @ 10:00:00.000","May 12, 2026 @ 20:30:12.189","May 1, 2026 @ 07:42:51.000","fuel Australia",43,24,0,"-0.727",negative,true,false,true,Australia,"Australians will pay more if Albanese fast-tracks fossil fuel projects, former oil and gas leaders warn | Fossil fuels | The Guardian Coalition state and federal flogging a dead horse again.","https://www.reddit.com/r/australian/comments/1t09zdi/australians_will_pay_more_if_albanese_fasttracks/"
reddit,"Apr 30, 2026 @ 10:00:00.000","May 9, 2026 @ 22:04:15.118","May 1, 2026 @ 07:20:40.000","australia general","1,807",32,0,0,neutral,true,false,false,Melbourne,"Morning Melbourne","https://www.reddit.com/r/melbourne/comments/1t09f0p/morning_melbourne/"
reddit,"Apr 30, 2026 @ 10:00:00.000","May 12, 2026 @ 15:05:05.554","May 1, 2026 @ 06:42:44.000","australia general",16,12,0,"0.34",positive,true,false,false,Australia,"Limiting capital gains tax changes to new investments would ‘severely delay’ budget reforms, Deloitte says | Australia news","https://www.reddit.com/r/australian/comments/1t08ex9/limiting_capital_gains_tax_changes_to_new/"
reddit,"Apr 30, 2026 @ 10:00:00.000","May 9, 2026 @ 22:04:34.699","May 1, 2026 @ 06:19:43.000","rent Australia",26,33,0,"0.637",positive,true,true,false,Perth,"Perth rental available I lost my job and am currently unemployed

I purchased an apartment while employed

Its a 2 bedroom and I want to rent one of the rooms and share the apartment

This will allow me to meet my mortgage payments as I look for another position

I have advertised on flatmates

Any other places I should advertise 

Btw I am 52 so looking for someone closer to my age &gt;35

Cheers","https://www.reddit.com/r/perth/comments/1t07s4f/perth_rental_available/"
reddit,"Apr 30, 2026 @ 10:00:00.000","May 9, 2026 @ 22:04:50.962","May 1, 2026 @ 06:16:04.000","rent Australia",0,23,0,"0.988",positive,true,true,false,Brisbane,"450k FHB as a recent grad, is it even possible? Happy Friday everyone. My parent has recently shared that they are planning on potentially selling the house I have been living in cheaply during uni and now while 2 months into working as a grad engineer (73k). I don't have anywhere else to go as they re-married and are living overseas.

I managed to save approx 90k in savings from being lucky enough to have minimal expenses in uni but have put 40k of that in the stock market. Mortgage calculators say I could only borrow 360kish on my current salary, so my max purchase price would be something like 450k after accounting for extra buying costs.

My thought was to ideally buy a 2br townhouse or similar (to live in for 5-10yrs) a few years out from uni after my salary and savings had grown, but my situation suddenly changing now has me unsure. My gut feeling is that it's better to not rush into buying and first rent for a few years, but I also feel a bit of FOMO. I definitely want to buy in the next few years. Do I even have enough to buy anywhere in Brisbane, preferably along a train line if far from Brisbane CBD (would be ok with that).

Should I go to talk to a mortgage broker or is it still too early? Should I buy a 1/2br apartment instead ASAP, maybe even buy in a cheaper city like Melbourne?

I would really appreciate any advice, thanks!","https://www.reddit.com/r/brisbane/comments/1t07o7i/450k_fhb_as_a_recent_grad_is_it_even_possible/"
reddit,"Apr 30, 2026 @ 10:00:00.000","May 9, 2026 @ 22:04:34.700","May 1, 2026 @ 05:44:42.000","australia general",3,8,0,"0.62",positive,true,false,false,Perth,"Perth marathon coaches? Anybody know of any marathon coaches here in perth worth recommending? 

Looking to start prepping for perth oct marathon and want to find a coach local instead of runna app 😅","https://www.reddit.com/r/perth/comments/1t06siw/perth_marathon_coaches/"
reddit,"Apr 30, 2026 @ 10:00:00.000","May 9, 2026 @ 22:04:50.962","May 1, 2026 @ 05:00:39.000","australia general",0,3,0,"0.026",neutral,true,false,false,Brisbane,"Where to buy imported butane gas stoves Looking to purchase a small, butane gas stove. Australian ones and pretty poor whereas some imports can have double the output.

I'm passing through Brisbane and around Sunnybank on the weekend.

Anyone know where I could purchase any of these brand name stoves? Iwatani, Gas One, Chef Master","https://www.reddit.com/r/brisbane/comments/1t05kx3/where_to_buy_imported_butane_gas_stoves/"
reddit,"Apr 30, 2026 @ 10:00:00.000","May 10, 2026 @ 04:54:48.139","May 1, 2026 @ 04:59:05.000","australia general",6,65,0,"0.959",positive,true,false,false,Sydney,"Sydney Daily Random Discussion Thread 01/05/2026 Welcome to /r/Sydney. Feel free to use this thread to chat, self-post, or ask questions.

New to this subreddit? [Our wiki](https://www.reddit.com/r/sydney/wiki/index) has lots of good info on getting around Sydney, what to do when you visit, where to eat, and more.

Using a third party app or desktop view on mobile and can't read the sidebar? Please [**have a look here**](https://docs.google.com/document/d/1yt_ZZ7Y686kU1kdEOq0HOrXZNY56E1-r85nDgfB412o/edit) first ಠ⁠_⁠ಠ

If you're new here, please read [the answer to pretty much every self post](https://docs.google.com/document/d/1yt_ZZ7Y686kU1kdEOq0HOrXZNY56E1-r85nDgfB412o/edit), [reddiquette](https://www.reddithelp.com/hc/en-us/articles/205926439) and [self promotion](https://www.reddit.com/wiki/selfpromotion#wiki_here_are_some_guidelines_for_best_practices.3A).","https://www.reddit.com/r/sydney/comments/1t05j7r/sydney_daily_random_discussion_thread_01052026/"
reddit,"Apr 30, 2026 @ 10:00:00.000","May 9, 2026 @ 22:04:34.714","May 1, 2026 @ 04:17:19.000","rent Australia",14,12,0,"-0.983",negative,true,true,false,Perth,"False claim of car damage Perth I’ve had a weird thing happen at my apartment

So I needed to return to Ireland to see my sick mum

While I was away I intended to rent my apartment out. And rather than pay for storage I put any bulky items than I wanted to keep in my car in my designated car bay. I expected to be back in 6 to 12 mths

Maybe 12hrs before my flight I told the guy in the shop who runs admin what was happening

So my flight was at 8am and I walked a friend out at say 11pm. I had redirected my mail but took a look in mailbox anyways. And I found a note stating that I had damaged a neighbours car moving my boxes. That he had proof and was going to the police the next morning if I had not replied

I then found the same note stuck to my car in 2 places. I had put a cover over my car as dust was accumulating etc. So my car looked like it was packed up and I wasn’t revisiting it

But no note put under my door, no knock on my door. The guy literally lives across from me

I have only purchased the apartment 9 mths ago so don’t know everyone

So I thought he is just being passive aggressive. But the threat to call the police seemed weird

Thing is it was pure fluke I saw his note before departing. If I hadn’t then this would have played out with me on the other side of the world. And I think this may have been the objective

So I email the guy within 3 hrs of him writing the note. And Irequested this proof. I also mentioned that I am an auditor with 30yrs experience tec. Tbh I have been off work dealing with some personal issues so I haven’t exactly looked like a professional

Anyways the guy sends me nearly 100 videos from his car. Half of them I aint even in them

But its clear I never touched his car. It even shows me taking extra care to not ding his car

He hadn’t factored in my ADHD hyper focus if pissed off. So I reviewed every video

Now he sends me repair quotes

A friend mentioned that he was probably wanting to avoid paying his insurance excess

A quick search on here suggests it’s a common scam

So advice on next steps

I think I m just going to say, claim it on your insurance and they can sue me for $

If he does this he commits insurance fraud.  Because I see no proof of me damaging his car

I actually postponed my flight when I got the note because the threat to call the police seemed way over the top

So he is now faced with me here in person (a well educated person who has had plenty of legal interactions so this does not scare me), pissed off that a neighbour tried to scam me during a time I was distracted with my moms health issues in Ireland. F\*cking \*\*\*\*","https://www.reddit.com/r/perth/comments/1t04div/false_claim_of_car_damage_perth/"
reddit,"Apr 30, 2026 @ 10:00:00.000","May 9, 2026 @ 22:04:15.120","May 1, 2026 @ 04:02:07.000","australia general",0,135,0,"0.957",positive,true,false,false,Melbourne,"It’s the r/Melbourne daily discussion thread [Friday 01/05/2026] # Welcome to the r/Melbourne Daily Discussion Thread!

In r/Melbourne, we acknowledge the Traditional Owners of the land and recognise their ongoing connection to the lands, waters, and communities of this area. We pay our respects to the Aboriginal and Torres Strait Islander cultures, as well as to the Elders past and present.

For up to date traffic information \[VicRoads\] ([https://traffic.vicroads.vic.gov.au/](https://traffic.vicroads.vic.gov.au/))

For up to date train information [Metro Trains](http://www.metrotrains.com.au/lines/)

For up to date tram information [Yarra Trams](https://yarratrams.com.au/service-changes)

For up to date (hopefully) bus information [Kinetic](https://twitter.com/Kinetic_Melb) | [Contact](https://www.wearekinetic.com/contact-us-melbourne)

For up to date regional train information [Vline](https://www.vline.com.au/)

For network changes and disruptions [PTV](https://www.ptv.vic.gov.au/plan/disruptions/)

[Reddit 101 - The basics!](http://www.reddit.com/wiki/reddit_101)

# FAQ

* The place for your everyday casual chat.
* New users or those without subreddit history can be commented here.
* Research/Survey requests are allowed in the daily only
* Recommended place for Tourist questions

FYI, for those who are looking for ways to help: [Lifeblood Australia](https://www.lifeblood.com.au/) is calling for blood donations, all/any blood types are just [as needed right now](https://www.lifeblood.com.au/donors/blood-plasma-platelets/blood-supply-levels).

Blood is already being transported from other states to NSW so even if you are unable to donate immediately, there will still be urgent need for blood stores to be replenished in the coming weeks over the Christmas/New Year period. Blood donations save lives all year round.","https://www.reddit.com/r/melbourne/comments/1t03xzn/its_the_rmelbourne_daily_discussion_thread_friday/"
reddit,"Apr 30, 2026 @ 10:00:00.000","May 9, 2026 @ 22:04:36.471","May 1, 2026 @ 02:58:36.000","cost of living Australia",0,30,0,"-0.536",negative,true,true,false,Perth,"Is Mandurah a decent place to live? So I (20M) grew up in Rockingham, and currently live in New Zealand. And I’ll be honest… i don’t wanna live in New Zealand anymore.

Im looking to move back to Perth in about 4-5 years, and I just thought I’d ask if Mandurah is an alright spot? Housing seems cheap (compared to where I live now) and my mates from WA that I still keep up with say cost of living in Mandurah ain’t too bad, but I shouldn’t live there because ‘north of the river is better’ (nuh uh) 

My dad is also very anti-Mandurah. He had some bad run ins with people down there, and I don’t know if he’s saying it’s a bad spot based on “I almost got into a fight” or if there’s any actual reason that Mandurah is bad in his eyes.

So I thought I’d ask you lot, is Mandurah any decent? I remember it being all good when I was a kid and we’d head down and have a nosey around the place. And it looks pretty nice when I’m having a look online… but like I haven’t been there since I was 11, so I obviously don’t actually know.

(Also some of the boys reckon that that whole Rockingham - Mandurah area sucks now… surely not?)","https://www.reddit.com/r/perth/comments/1t025f9/is_mandurah_a_decent_place_to_live/"
reddit,"Apr 30, 2026 @ 10:00:00.000","May 9, 2026 @ 22:04:36.471","May 1, 2026 @ 01:37:18.000","australia general",0,2,0,"0.077",positive,true,false,false,Perth,"UFC Perth JDM Vs Prates Aside from the arena, where is everyone watching the fight 

Which pub is a good vibe for ufc","https://www.reddit.com/r/perth/comments/1szzsqd/ufc_perth_jdm_vs_prates/"
reddit,"Apr 30, 2026 @ 10:00:00.000","May 9, 2026 @ 22:04:36.471","May 1, 2026 @ 01:14:06.000","australia general",0,9,0,"0.189",positive,true,false,false,Perth,"where to see a mental health professional in WA hey guys. 

life has been a little tough lately and i wanted to see someone about it. i think i have some form of anxiety or depression but obviously wanted to check with a professional. i didnt know where to go exactly so i thought you guys could help me out.","https://www.reddit.com/r/perth/comments/1szyytl/where_to_see_a_mental_health_professional_in_wa/"
reddit,"Apr 30, 2026 @ 10:00:00.000","May 9, 2026 @ 22:04:36.473","May 1, 2026 @ 00:40:37.000","australia general",111,61,0,"-0.978",negative,true,false,false,Perth,"WA Health Offering Flu Jabs at Upcoming AFL Games at Optus Stadium As this flu season comes up, please consider getting yourself and your kids flu the jab or the paediatric flu mist. 

While the flu may be just kind of inconvenient for you, for the vulnerable people in your life it can be devastating and even life threatening.

If you’re at the footy and have some time before bounce down, why not go protect yourself and your community this flu season?

You can find out more information about flu vaccination from your local GP, pharmacist, or immunisation nurse.

(This information is general, I am not a doctor, I am not involved in your health care and I cannot offer you medical advice. I am not a representative of the WA department of health and I am posting this as general information that may or may not be relevant to you)","https://www.reddit.com/r/perth/comments/1szy0aq/wa_health_offering_flu_jabs_at_upcoming_afl_games/"
reddit,"Apr 30, 2026 @ 10:00:00.000","May 9, 2026 @ 22:04:36.474","May 1, 2026 @ 00:21:20.000","australia general",0,10,0,"0.68",positive,true,false,false,Perth,"Suggest me something in perth My 22nd birthday is coming up in few days and I really wanna do something. I have been in perth for last 3 years and i haven’t done anything special for my birthday in last three years. I don’t know much people here as well. Are there any good suggestions what i can try i am tired of doing dinners and lunchs. Is there any good place or any activity to do solo. ( i live near city i don’t have a car so i would prefer something around city not too far thank you)","https://www.reddit.com/r/perth/comments/1szxhsh/suggest_me_something_in_perth/"
reddit,"Apr 30, 2026 @ 10:00:00.000","May 9, 2026 @ 22:04:50.962","May 1, 2026 @ 00:05:07.000","australia general",0,15,0,"0.572",positive,true,false,false,Brisbane,"Daily Discussion Post 01 May 2026 [Permalink to the latest discussion thread](http://www.reddit.com/r/brisbane/about/sticky)

Be excellent to each other, r/Brisbane.","https://www.reddit.com/r/brisbane/comments/1szx27v/daily_discussion_post_01_may_2026/"
reddit,"Apr 30, 2026 @ 10:00:00.000","May 9, 2026 @ 22:04:36.475","May 1, 2026 @ 00:02:10.000","australia general",3,11,0,"0.872",positive,true,false,false,Perth,"Learning ASL in Perth Evening, peeps.

As the title suggests, I'm looking at learning ASL (correction, AUSLAN) . I have a few months of spare time on my hands due to injury, and thought it might help fill the days a bit.

Can someone point me in the right direction of somewhere that does classes (all I found was 1 2hr class for a stupid amount) or online tools to give me a good starting base.

Any info, pointers, or help would be appreciated

I'm also located SOR if that helps.

 

Thanks in advance.","https://www.reddit.com/r/perth/comments/1szwzdz/learning_asl_in_perth/"
